Frequency [Hz],Magnitude [dB],Phase [deg],Quality
40.0,-26.794956779580872,-92.10867104393361,1
40.4,-26.090204424932935,-91.79928826417006,1
40.804,-26.426355779424856,-92.57678946845417,1
41.21204,-26.38016879584794,-92.55634548460199,1
41.6241604,-25.8045854687128,-91.80356906624523,1
42.040402004,-26.134111528518837,-91.88199803948048,1
42.460806024040004,-25.881234605504787,-91.83247562936839,1
42.885414084280406,-25.94001348442589,-91.81643182880929,1
43.31426822512321,-25.955536049583095,-93.92338205143378,1
43.74741090737444,-25.972646968930704,-93.27356735112082,1
44.184885016448185,-25.964646193861103,-91.16337944272306,1
44.62673386661267,-25.79757496692257,-90.32044660434497,2
45.07300120527879,-25.696533244351446,-92.71309764353629,1
45.52373121733158,-25.43243234092283,-91.0784292670953,1
45.9789685295049,-26.199784906915188,-91.14036608458008,2
46.43875821479995,-25.85450959097476,-91.86296947742,1
46.903145796947946,-25.295005283460817,-92.10448205148477,1
47.372177254917425,-25.63217528380365,-93.8874507798438,1
47.8458990274666,-25.651315996694933,-92.59278356830941,1
48.32435801774127,-25.1489973270923,-93.38777368090211,1
48.80760159791868,-25.123490822975608,-90.49287822207954,1
49.29567761389787,-24.925132473806556,-92.54597222419109,1
49.788634390036854,-24.870932859650903,-92.00048003632995,1
50.28652073393722,-24.779166761604888,-92.28489737541798,1
50.7893859412766,-24.907406106574733,-92.43653928196537,1
51.29727980068937,-24.788358567675186,-91.7018321306839,1
51.81025259869626,-24.78995783626949,-92.48464317923174,1
52.32835512468322,-24.73905546322361,-93.12351572457084,2
52.851638675930054,-24.591866873878764,-92.91130963531634,1
53.380155062689354,-24.67022392808773,-93.305187828618,1
53.91395661331625,-24.482651816666998,-92.31418930768766,1
54.45309617944942,-24.65577702637037,-92.95976720831092,2
54.99762714124391,-24.41097927402511,-92.18905258867045,2
55.54760341265635,-24.302990333836988,-93.33950325067487,1
56.103079446782914,-24.16535257095915,-94.0694134631459,1
56.66411024125075,-24.255574654002686,-92.64873709553797,2
57.23075134366326,-23.760823457976958,-92.68267240627135,2
57.80305885709989,-23.765305635699054,-91.41337725265114,1
58.38108944567089,-23.60126413013239,-92.59744369102795,1
58.9649003401276,-23.638230773476653,-94.01654114730624,2
59.554549343528876,-23.32104773891552,-92.895819236156,1
60.150094836964165,-23.4511862792141,-94.03578856360069,1
60.751595785333805,-23.54247792036213,-93.77523174722523,1
61.35911174318714,-23.225163637641735,-93.03296204269435,1
61.972702860619016,-23.11266044638338,-92.50123178191741,1
62.59242988922521,-22.882596107954672,-92.8214289383477,1
63.21835418811746,-23.18530857477521,-93.11812628673624,1
63.850537729998635,-22.921363892362653,-93.96591779944781,1
64.48904310729863,-22.74358362630013,-93.13791720810927,1
65.13393353837161,-22.574236439961034,-93.28097493216936,1
65.78527287375532,-22.612669393270014,-92.9856634566745,1
66.44312560249287,-22.452692869397413,-94.12616291414355,1
67.1075568585178,-22.312117316615474,-93.4531182825756,1
67.77863242710298,-22.21354839883619,-92.69126393624782,1
68.456418751374,-22.349217582697186,-92.304881322818,1
69.14098293888775,-22.439064451466223,-92.4103847934588,1
69.83239276827662,-22.137236244260855,-93.02446026207963,1
70.53071669595938,-22.234358838584335,-93.66690064904162,1
71.23602386291898,-22.109843234233924,-93.76092538093434,1
71.94838410154817,-21.768551315740154,-92.93381137572953,1
72.66786794256366,-21.81985072839037,-93.22874083394235,1
73.39454662198929,-21.968337864034766,-93.7807773190689,1
74.12849208820919,-21.818603435752124,-93.48958081309378,1
74.86977700909128,-21.627362403602405,-92.86021059341113,1
75.6184747791822,-21.7437271352727,-93.65170140077993,1
76.37465952697401,-21.58008290139034,-93.81144249219801,1
77.13840612224375,-21.299727409809158,-93.9141487121837,1
77.90979018346619,-21.310172291293316,-92.59122882415647,1
78.68888808530085,-21.299587602659,-94.20797451649906,1
79.47577696615386,-21.00024476061445,-94.61361360624093,1
80.2705347358154,-20.896028392143393,-94.10675696837762,1
81.07324008317356,-20.79573316195285,-94.47329761575588,1
81.8839724840053,-20.754817326674658,-94.34558019519378,1
82.70281220884536,-20.781032432793527,-93.70718167859609,1
83.52984033093381,-20.8350376851277,-94.12082842536532,1
84.36513873424315,-20.73324105930232,-94.19664173000461,1
85.20879012158558,-20.642360213756586,-93.63237961393548,1
86.06087802280143,-20.567591068583205,-94.00783109596466,1
86.92148680302945,-20.510282429901622,-93.62831678085513,1
87.79070167105975,-20.43283046848836,-93.97196770238389,1
88.66860868777034,-20.276081319868826,-94.04273684376385,1
89.55529477464805,-20.071545257875037,-94.58949574825104,1
90.45084772239453,-20.05956673975846,-94.63601760860627,1
91.35535619961847,-19.843699098203093,-94.03984054013165,1
92.26890976161465,-19.743107624024937,-94.42826694124271,1
93.1915988592308,-19.693123676488117,-94.08255020688748,1
94.1235148478231,-19.62607362539348,-93.98514247713969,1
95.06474999630133,-19.63246195202163,-94.08810378661218,1
96.01539749626434,-19.526541301040165,-95.32738414767203,1
96.97555147122699,-19.29023428961081,-93.88522848875965,1
97.94530698593927,-19.400902287261957,-94.25751467711498,1
98.92476005579866,-19.10195583746949,-94.0336306271599,1
99.91400765635665,-19.015380338411102,-95.05674429873164,1
100.91314773292021,-19.052637852638135,-94.83338540713294,1
101.92227921024941,-18.74483629168796,-95.07743848131543,1
102.94150200235191,-18.877490820868562,-94.42446267908693,1
103.97091702237543,-18.732634977593257,-94.04338648012873,1
105.01062619259919,-18.604511054290672,-94.53824400107123,1
106.06073245452518,-18.647023965369605,-95.02587142237628,1
107.12133977907044,-18.578043265280787,-95.13823280596495,1
108.19255317686114,-18.400262549457725,-95.13660223490044,1
109.27447870862976,-18.0868534052684,-95.15468626524877,1
110.36722349571606,-18.085584224385432,-95.15221112381238,1
111.47089573067322,-18.263716003299034,-95.4625168487018,1
112.58560468797995,-18.21949045316721,-95.66651718197346,1
113.71146073485976,-17.935220458662794,-95.5427827767802,1
114.84857534220835,-17.560167235855225,-94.35297376149148,1
115.99706109563043,-17.721737354978217,-95.58652662611452,1
117.15703170658674,-17.828869164539853,-95.45829111662837,1
118.3286020236526,-17.657654025644465,-95.40506175698324,1
119.51188804388913,-17.370447357455266,-95.06401099924128,1
120.70700692432803,-17.270348274580638,-94.97784679849724,1
121.91407699357131,-17.321472153534035,-95.73104857817657,1
123.13321776350703,-17.13931370097467,-96.0818181754043,1
124.3645499411421,-16.801999185793743,-95.50438812391833,1
125.60819544055353,-17.16973198276871,-95.38924552534145,1
126.86427739495906,-17.173730608783945,-95.99132933876642,1
128.13292016890864,-17.127647553668826,-95.54996872548868,1
129.41424937059773,-16.959120394990315,-96.19385014678139,1
130.7083918643037,-17.03262887443915,-96.26473543236807,1
132.01547578294674,-17.02228119583617,-96.08756425749652,1
133.3356305407762,-16.810071160406387,-96.31890578966139,1
134.66898684618397,-16.715183183319752,-95.6879416911175,1
136.01567671464582,-16.691790455369528,-96.6619002271722,1
137.37583348179228,-16.627854173235374,-96.89075991571866,1
138.7495918166102,-16.22771733968832,-96.25601432662424,1
140.13708773477632,-16.0226770841173,-96.31670705749097,1
141.5384586121241,-16.392896218459487,-96.80663218404078,1
142.95384319824532,-16.20794073204082,-96.6670034645797,1
144.38338163022777,-16.02563149329593,-96.32620386641457,1
145.82721544653006,-16.12500165111794,-96.60630075216866,1
147.28548760099537,-16.005366787329997,-97.119524101609,1
148.75834247700533,-15.780057953111458,-96.70155846176839,1
150.2459259017754,-15.79421964909618,-96.8929579116745,1
151.74838516079316,-15.840694356310973,-97.5302611033573,1
153.26586901240108,-15.540938572597199,-97.14275348819787,1
154.7985277025251,-15.456047428522469,-97.24327390925427,1
156.34651297955034,-15.508208689470335,-97.10434142076525,1
157.90997810934584,-15.326799972951816,-97.120496849111,1
159.4890778904393,-15.14380393056521,-97.0611874140389,1
161.08396866934368,-15.226433555387372,-97.54497939843759,1
162.6948083560371,-15.129231050038495,-97.3086396954252,1
164.32175643959746,-14.952242915011489,-97.48765797182824,1
165.96497400399343,-14.941095103133327,-97.41744691441839,1
167.62462374403336,-14.774848154318933,-97.78241993146587,1
169.30086998147368,-14.535235855452916,-97.78220074020416,1
170.9938786812884,-14.661773409684352,-97.8845895991879,1
172.7038174681013,-14.493398340727275,-98.27320274055387,1
174.43085564278232,-14.216737797912241,-97.82346057084283,1
176.17516419921014,-14.35606445697304,-98.25087827855495,1
177.93691584120225,-14.248405887109236,-98.03117004989421,1
179.7162849996143,-14.163946167184642,-98.49022362015918,1
181.51344784961043,-14.145335034901867,-98.23410452703502,1
183.32858232810653,-13.878158890591779,-98.14243607874823,1
185.1618681513876,-13.952869994744056,-98.63638888396203,1
187.0134868329015,-13.903457591240484,-99.0347806566172,1
188.8836217012305,-13.675258685506963,-98.42630085112948,1
190.77245791824282,-13.781589847876408,-99.05071766209545,1
192.68018249742525,-13.612447941736454,-99.13248134661868,1
194.6069843223995,-13.329323588898557,-99.37903973665208,1
196.5530541656235,-13.390194122500926,-98.71852434959911,1
198.51858470727976,-13.272265432479918,-98.96523718241566,1
200.50377055435257,-13.284094975603802,-98.97649768657084,1
202.50880825989609,-13.12337527771288,-99.30853501987572,1
204.53389634249504,-12.90294158610869,-98.98997680981726,1
206.57923530591998,-12.942682575053833,-99.17922663596191,1
208.6450276589792,-12.714713787739859,-99.10212968414885,1
210.731477935569,-12.815133064176726,-99.68827575127648,1
212.8387927149247,-12.586593420118104,-99.50144640796672,1
214.96718064207394,-12.653114501392126,-99.7268466336219,1
217.11685244849468,-12.47607995298124,-99.74821724289147,1
219.28802097297964,-12.24124633409676,-99.87921353668145,1
221.48090118270943,-12.199117395484564,-99.52529598449405,1
223.69571019453653,-12.319543583770953,-100.35528411164768,1
225.9326672964819,-12.184655721042317,-100.41663941121033,1
228.1919939694467,-11.95550035527853,-100.30542699522596,1
230.47391390914117,-11.788395133522444,-100.20837689966415,1
232.7786530482326,-11.856075645549568,-100.62658080351413,1
235.10643957871494,-11.820697168539093,-100.6298863906668,1
237.4575039745021,-11.559707642447144,-100.54294447981226,1
239.8320790142471,-11.353880778202484,-100.51583346856239,1
242.23039980438958,-11.551906292064167,-100.7208622789235,1
244.65270380243348,-11.363294676246932,-101.00453833084623,1
247.0992308404578,-11.266612807526483,-101.00579035670118,1
249.5702231488624,-11.025392556310955,-100.85100754850792,1
252.06592538035102,-11.048706434539888,-100.99749844330601,1
254.58658463415452,-10.983446409488616,-101.18296897930425,1
257.13245048049606,-10.768045839937079,-101.55254417887859,1
259.70377498530104,-10.519662202926433,-100.89821257281373,1
262.30081273515407,-10.649331633302806,-101.65122904555909,1
264.92382086250564,-10.583133820894412,-101.70261482142445,1
267.5730590711307,-10.360841376920767,-101.40715724076242,1
270.24878966184195,-10.33757613829795,-101.63747164331903,1
272.9512775584604,-10.421856525487621,-101.97153892522063,1
275.680790334045,-10.338918345869162,-102.2632172177974,1
278.4375982373855,-10.147500290769152,-102.11212719985988,1
281.2219742197593,-10.06974218340114,-102.5253596444021,1
284.03419396195693,-10.069571007574105,-102.55326828688715,1
286.8745359015765,-9.874822170474951,-102.49651639716883,1
289.74328126059225,-9.779285194404844,-102.51583607613502,1
292.6407140731982,-9.79479177951427,-102.7633468047195,1
295.5671212139302,-9.681347686241983,-102.87100240244602,1
298.5227924260695,-9.487801347754973,-102.86926964212772,1
301.5080203503302,-9.546353098652139,-103.08948721489764,1
304.5231005538335,-9.550345651724342,-103.50793785385315,1
307.5683315593718,-9.312071732781991,-103.16525709545351,1
310.64401487496554,-9.372892501519079,-103.78690169219713,1
313.7504550237152,-9.306707113283036,-104.18032621148959,1
316.88795957395234,-9.059779911443309,-103.77279881023505,1
320.0568391696919,-9.04894641287779,-103.82710421973047,1
323.25740756138885,-9.074748603499321,-104.48014700350205,1
326.48998163700276,-8.88548835962446,-104.19626410747702,1
329.7548814533728,-8.739666991377158,-104.12516211819548,1
333.0524302679065,-8.718759174422097,-104.64356300655345,1
336.3829545705856,-8.551773068555,-104.25119844124615,1
339.74678411629145,-8.462349979961049,-104.73573032089939,1
343.14425195745434,-8.432944880973327,-105.1957929455624,1
346.5756944770289,-8.219183621211686,-104.85069991126555,1
350.0414514217992,-8.14847600518966,-105.18767919595253,1
353.5418659360172,-8.140304211708816,-105.35493385335604,1
357.07728459537736,-7.914986891691682,-105.11762430598063,1
360.64805744133116,-7.916195972100402,-105.39006832004944,1
364.25453801574446,-7.856849656580413,-105.6709464905976,1
367.8970833959019,-7.661902741203681,-105.74505466470961,1
371.5760542298609,-7.7084388518282765,-106.0393884327533,1
375.2918147721595,-7.557863618944386,-106.03500502239704,1
379.0447329198811,-7.410343387136408,-106.21150504415567,1
382.8351802490799,-7.490048913621763,-106.50121017179697,1
386.6635320515707,-7.186526121386954,-106.56237178846115,1
390.5301673720864,-7.289138639840293,-106.52674629884983,1
394.4354690458073,-7.113433627422204,-106.72495946222251,1
398.37982373626534,-6.968057017081824,-106.83437823579598,1
402.36362197362797,-6.884098181456835,-106.81635957856281,1
406.38725819336423,-6.744912553426933,-106.82580122286208,1
410.4511307752979,-6.794582027076647,-107.45215616263361,1
414.5556420830509,-6.785605986549193,-107.60390686826997,1
418.7011985038814,-6.689269716663042,-107.7384453994404,1
422.8882104889202,-6.726390899405779,-107.9514465066406,1
427.1170925938094,-6.463382337724215,-107.99435055964435,1
431.3882635197475,-6.488271723280075,-108.35182415247019,1
435.702146154945,-6.327704936317744,-108.29721999997435,1
440.05916761649445,-6.284092077625669,-108.6030122889301,1
444.4597592926594,-6.148074343132093,-108.51566017707154,1
448.90435688558597,-6.057669034172312,-108.74642444600573,1
453.39340045444186,-5.980473133527548,-109.04673492518114,1
457.9273344589863,-5.846748724407608,-109.06530573851097,1
462.5066078035762,-5.869758920149583,-109.44400819602308,1
467.13167388161196,-5.689659951396008,-109.38400013313439,1
471.8029906204281,-5.667329193263934,-109.68369519715691,1
476.52102052663236,-5.455898897196411,-109.60911068147394,1
481.2862307318987,-5.324751398783577,-109.48477626731068,1
486.0990930392177,-5.072976113365767,-109.54745876346027,1
490.96008396960985,-5.161396022463398,-110.02666352535485,1
495.86968480930597,-4.933158612708166,-109.88650837861763,1
500.828381657399,-5.023358123146123,-110.34839372257187,1
505.836665473973,-4.908683857929361,-110.6127891466769,1
510.8950321287128,-5.019206211803419,-111.21029465754822,1
516.00398245,-4.848663894040267,-111.36485682543454,1
521.1640222745,-4.617910261748981,-110.68777507361588,1
526.375662497245,-4.559333352090099,-111.11981161417431,1
531.6394191222174,-4.561675814161673,-111.47060048732607,1
536.9558133134396,-4.478599510947661,-111.9542100171705,1
542.3253714465741,-4.38382754751719,-111.90173698108475,1
547.7486251610399,-4.210713104413083,-111.699717573702,1
553.2261114126503,-4.157843477042613,-112.06781225295938,1
558.7583725267768,-4.1954754216991,-112.77573101999127,1
564.3459562520446,-4.176815276664123,-113.00556494474205,1
569.9894158145651,-3.910180191900971,-112.74818376186855,1
575.6893099727107,-3.8532305777261215,-112.76046128419048,1
581.4462030724378,-3.905409884116561,-113.45127163142615,1
587.2606651031622,-3.8726652456928057,-113.75517712662472,1
593.1332717541939,-3.593183114413377,-113.60585188624357,1
599.0646044717358,-3.460836428672953,-113.60431221656772,1
605.0552505164532,-3.4904109547812197,-114.11566366040174,1
611.1058030216177,-3.4916524027837093,-114.5554834770812,1
617.2168610518339,-3.338067891867671,-114.34617210313964,1
623.3890296623523,-3.2251255654826783,-114.53004480944236,1
629.6229199589758,-3.1757521967853877,-114.84156894400726,1
635.9191491585656,-3.1779728751436944,-115.45766565427118,1
642.2783406501512,-2.9996371556281285,-115.17481528409922,1
648.7011240566527,-2.8952736228012164,-115.27462538727961,1
655.1881352972192,-2.942041171747347,-115.96682185596356,1
661.7400166501914,-2.8602428187049016,-116.20611189126589,1
668.3574168166933,-2.5599256997719624,-115.5503778080433,1
675.0409909848603,-2.5750007243867694,-116.17322619543113,1
681.7914008947089,-2.632803817485453,-116.96829067892415,1
688.609314903656,-2.491073989313458,-116.81212553940779,1
695.4954080526926,-2.31282760781147,-116.60938291947573,1
702.4503621332195,-2.2420830350355416,-116.98923152289001,1
709.4748657545517,-2.243785680564874,-117.4914878907127,1
716.5696144120973,-2.033874238585919,-117.21275589783501,1
723.7353105562182,-1.9182624509725568,-117.32331613320105,1
730.9726636617804,-1.9693361814232406,-118.13529586977248,1
738.2823902983982,-1.8529929141752883,-118.10935138801398,1
745.6652142013822,-1.6606046950471332,-118.06820700116344,1
753.121866343396,-1.667624310244457,-118.56021742590008,1
760.65308500683,-1.6189611864587268,-118.83872692997608,1
768.2596158568983,-1.4173759659220742,-118.71218123442594,1
775.9422120154674,-1.4160978075460302,-119.0292769650722,1
783.701634135622,-1.3585153493785649,-119.53961630948064,1
791.5386504769783,-1.156348116317193,-119.35236091541826,1
799.4540369817481,-1.1030503301391503,-119.57390288630464,1
807.4485773515656,-1.1376435938885892,-120.13059735950247,1
815.5230631250813,-0.886638059760109,-119.95228331379528,1
823.6782937563321,-0.784449100470933,-120.00840125159193,1
831.9150766938955,-0.7869223506351022,-120.64661994639837,1
840.2342274608344,-0.6600584776207429,-120.58407829582455,1
848.6365697354428,-0.5641176277148846,-120.71244329334218,1
857.1229354327972,-0.6022563767475194,-121.26896553805679,1
865.6941647871253,-0.38526411766484603,-121.16634779724448,1
874.3511064349965,-0.3252500739734372,-121.56212231872803,1
883.0946174993464,-0.3181686542790845,-121.98616222483638,1
891.92556367434,-0.17068585064593472,-121.86542771917442,1
900.8448193110834,-0.11488691887250785,-122.3746528977133,1
909.8532675041943,-0.0632481130362989,-122.7503409468456,1
918.9518001792362,0.08922472389514477,-122.43855053912364,1
928.1413181810286,0.09716288937115324,-123.17314923512461,1
937.4227313628389,0.21165866170164518,-123.05387147056648,1
946.7969586764673,0.3193998594302974,-123.30278407166202,1
956.2649282632319,0.3356397043336007,-124.0308536703647,1
965.8275775458643,0.5304547261355403,-123.63466210925709,1
975.4858533213229,0.5188100515376008,-124.06848085588473,1
985.2407118545361,0.6071899128429424,-124.46606928729979,1
995.0931189730815,0.7333881735966192,-124.39456880216174,1
1005.0440501628123,0.7836262239363806,-124.8992020934553,1
1015.0944906644404,0.9455553617282604,-124.93119680945637,1
1025.2454355710847,0.9581673357302577,-125.29450054610881,1
1035.4978899267956,1.0865915518945137,-125.35861801454281,1
1045.8528688260635,1.2072213199305173,-125.36643207724904,1
1056.3113975143242,1.1822822850205137,-125.97000313184961,1
1066.8745114894675,1.3794358999399134,-125.68973379932079,1
1077.543256604362,1.3837668391564557,-126.52350163394382,1
1088.3186891704058,1.540156250079044,-126.28391761237765,1
1099.20187606211,1.5616923632081692,-126.65085747482468,1
1110.193894822731,1.671133049022827,-126.95668420809494,1
1121.2958337709583,1.750947995632574,-127.14338583623294,1
1132.5087921086679,1.782337351519507,-127.63088766903154,1
1143.8338800297545,1.9367929036463776,-127.64122532984496,1
1155.272218830052,1.9563520668175964,-128.06202472964964,1
1166.8249410183525,2.077677054991107,-128.01319521504954,1
1178.493190428536,2.1065635313842295,-128.72956481807685,1
1190.2781223328213,2.2355605904595177,-128.65485229011796,1
1202.1809035561496,2.252507890501985,-129.03117049717048,1
1214.2027125917111,2.393226338112592,-129.23812797763784,1
1226.3447397176283,2.4269229293550687,-129.65861466488576,1
1238.6081871148047,2.5579676396082727,-129.62486456303162,1
1250.9942689859527,2.5599254957898894,-130.1815004327645,1
1263.5042116758123,2.7168105893191075,-130.11419547016555,1
1276.1392537925703,2.711077975213373,-130.6228531767714,1
1288.900646330496,2.848258398802743,-130.5762177751242,1
1301.789652793801,2.8856234177892564,-131.30087740176174,1
1314.807549321739,3.0333033975464208,-131.0760461328162,1
1327.9556248149565,3.043246114955033,-131.74074311748407,1
1341.2351810631062,3.1837953672604247,-131.6557499883676,1
1354.6475328737372,3.2392982270254707,-132.12233424744136,1
1368.1940082024746,3.331786031785015,-132.16050065464788,1
1381.8759482844994,3.40971794693986,-132.46323336568113,1
1395.6947077673444,3.448435944985762,-132.88742481776643,1
1409.651654845018,3.592243298277531,-132.95951073901543,1
1423.748171393468,3.618512574487805,-133.45312335427025,1
1437.9856531074026,3.7475529040494164,-133.41027120851788,1
1452.3655096384766,3.824204131317684,-133.72100968696003,1
1466.8891647348614,3.8885010291711812,-134.07946350074127,1
1481.55805638221,3.98682453828421,-134.2475564922799,1
1496.373636946032,4.022501224579376,-134.74011227612687,1
1511.3373733154924,4.135592530679143,-134.69599279674387,1
1526.4507470486474,4.196416706342455,-135.24398214427356,1
1541.7152545191339,4.299111145609215,-135.3889342290958,1
1557.1324070643252,4.397266586946497,-135.42966389137578,1
1572.7037311349684,4.429465377926502,-135.96377443775413,1
1588.430768446318,4.558242511805523,-136.03734692694627,1
1604.3150761307813,4.632931910389693,-136.23919661722687,1
1620.358226892089,4.639721310172745,-136.83174620042706,1
1636.56180916101,4.774794009168671,-136.9297642909886,1
1652.92742725262,4.837517581503212,-137.21618161291394,1
1669.4567015251462,4.9182461605148475,-137.65700910233866,1
1686.1512685403977,5.002908268116978,-137.6238129943122,1
1703.0127812258017,5.081282802038716,-138.04341606294372,1
1720.0429090380599,5.143225182076995,-138.35269447982955,1
1737.2433381284404,5.227071009394715,-138.6427441920623,1
1754.615771509725,5.346411385094221,-138.71298075430303,1
1772.1619292248222,5.4000817629469005,-139.01338812775236,1
1789.8835485170705,5.456724938651897,-139.46372859435496,1
1807.7823840022413,5.556643285555027,-139.62139386980675,1
1825.8602078422637,5.633017827305912,-139.90434522014192,1
1844.1188099206863,5.678337369861067,-140.30914027344193,1
1862.559998019893,5.7786596395331085,-140.48067651420993,1
1881.185598000092,5.862997230683103,-140.76285971635846,1
1899.997453980093,5.938725390143029,-141.04701607354184,1
1918.997428519894,5.97666488045952,-141.44608383761087,1
1938.187402805093,6.033686766473943,-141.81998761117413,1
1957.569276833144,6.175000574248706,-141.7127470193041,1
1977.1449696014754,6.260910165458002,-142.0522300990717,1
1996.9164192974902,6.314216705276967,-142.45374956647578,1
2016.885583490465,6.361844954194721,-142.80667180360118,1
2037.0544393253697,6.364962082263452,-142.71045069855182,1
2057.4249837186235,6.194526380105746,-143.91396101440444,1
2077.99923355581,6.447497626682481,-141.84112172005263,1
2098.7792258913682,6.7721943611423105,-145.02407567697063,1
2119.7670181502817,6.623473906968208,-144.6810379920432,1
2140.9646883317846,6.791948138246231,-144.32309115793788,1
2162.3743352151023,6.882649541985883,-144.92219705362334,1
2183.9980785672533,6.942139881251674,-145.2049698396886,1
2205.838059352926,6.995253173394218,-146.10979887346016,1
2227.8964399464553,7.176236656608955,-147.06161054675474,1
2250.17540434592,7.022650314025057,-146.7915588072152,1
2272.677158389379,7.480438061199276,-147.4621100230791,1
2295.403929973273,7.297583719871683,-145.12688393031496,1
2318.357969273006,7.337484720163818,-146.7437891180639,1
2341.541548965736,7.364327458178822,-146.3350710585184,1
2364.9569644553935,7.5836893268634515,-146.91648056551708,1
2388.6065340999476,7.6516174908355135,-144.58521680734287,1
2412.4925994409473,7.699819459360448,-148.30167408627716,1
2436.6175254353566,7.729883562399793,-148.73899846182343,1
2460.98370068971,7.852525531083392,-149.58897771178815,1
2485.593537696607,7.819506019287735,-149.4808274857563,1
2510.4494730735732,7.814303076541929,-150.78417383367446,1
2535.553967804309,8.247358863096833,-150.77821967283876,1
2560.909507482352,8.182470001947566,-150.9080341438926,1
2586.5186025571757,8.278721593844518,-150.87264109257416,1
2612.3837885827475,8.281385991971396,-151.08722969296136,1
2638.507626468575,8.383915372469893,-150.83451530952868,1
2664.8927027332606,8.432438601608895,-151.43824104718584,1
2691.5416297605934,8.478670335209149,-151.91431638733542,1
2718.4570460581995,8.481325195383004,-152.30929515611194,1
2745.6416165187816,8.5186918962716,-152.47764486588582,1
2773.0980326839694,8.592260923219673,-151.3521800098807,1
2800.8290130108094,8.910846333920245,-149.1663422200246,1
2828.8373031409174,8.771109024653105,-153.70794728549487,1
2857.1256761723266,8.928815237821496,-153.16009140021654,1
2885.69693293405,9.009690202582767,-154.01045507000995,1
2914.5539022633907,9.111263287033658,-149.96986788559823,1
2943.6994412860245,9.09922948668778,-154.90733316366664,1
2973.1364356988847,9.352759450460029,-156.56225068228855,1
3002.8678000558734,9.154414247292616,-155.99350528106524,1
3032.896478056432,9.52899784025065,-155.23398770929083,1
3063.2254428369965,9.5874739041104,-155.76144212355578,1
3093.8576972653664,9.471255483303018,-156.13762045432168,1
3124.79627423802,9.60207042172119,-156.36891048519573,1
3156.0442369804005,9.659228711712734,-156.42293871676776,1
3187.6046793502046,9.695150046410442,-157.45325143448198,1
3219.4807261437068,9.633468521924675,-157.1187590662631,1
3251.675533405144,9.929342016304254,-153.79839021387525,1
3284.1922887391956,9.95816669045406,-158.42595945106987,1
3317.0342116265874,9.9181825755974,-158.76855321576346,1
3350.2045537428535,10.070063379224116,-153.67321704909526,1
3383.7065992802823,10.117912087599493,-159.26236963630058,1
3417.543665273085,10.063835435988173,-160.86519598418533,1
3451.7191019258157,10.324384790932141,-160.47594005553555,1
3486.2362929450737,10.223894467742996,-161.01545742482637,1
3521.0986558745244,10.479251227855494,-155.3438895536068,1
3556.30964243327,10.463670474003147,-161.0125187455216,1
3591.8727388576026,10.521134728784418,-161.23788093065508,1
3627.7914662461785,10.61578294213717,-161.54536485739771,1
3664.06938090864,10.639973114381123,-161.85576959943626,1
3700.7100747177265,10.717915895664975,-162.5495240406092,1
3737.717175464904,10.87476321433759,-162.4390133481528,1
3775.094347219553,10.883199281258706,-163.59609402842767,1
3812.8452906917487,10.949359774333196,-163.46776744729215,1
3850.9737435986663,11.014730929748382,-163.64397081236987,1
3889.483481034653,10.971211902856203,-164.77168164117927,1
3928.3783158449996,11.175818542577222,-164.5223287197492,1
3967.66209900345,11.309408664673892,-164.7228819088621,1
4007.3387199934846,11.245540817570696,-164.79330371997725,1
4047.4121071934196,11.310740925679744,-165.29946549240947,1
4087.886228265354,11.454263811997867,-165.56098754289866,1
4128.765090548008,11.526909862724162,-165.96376170982845,1
4170.052741453488,11.600091394188054,-166.41625280071474,1
4211.753268868023,11.671876345413427,-166.23450964852782,1
4253.870801556704,11.724890447792284,-167.18808236952844,1
4296.4095095722705,11.816566945163423,-167.4226143296667,1
4339.373604667993,11.874737743117963,-167.7042489804923,1
4382.767340714673,11.926430658237582,-168.32377393851158,1
4426.59501412182,11.98542413783269,-168.9090969814544,1
4470.860964263038,12.08986565879583,-168.46666320347308,1
4515.569573905668,12.171639551460157,-169.04197110533534,1
4560.725269644725,12.229367693147415,-169.54976896914349,1
4606.332522341172,12.329795167241489,-169.8487239069237,1
4652.395847564584,12.400834499391406,-170.39464233637696,1
4698.91980604023,12.474686685172337,-170.8805007209313,1
4745.909004100632,12.568910003840731,-171.25611088487267,1
4793.368094141639,12.624075310057858,-171.58163506458317,1
4841.301775083055,12.717172189222774,-171.90781545935468,1
4889.714792833885,12.77270815038975,-172.02004320017465,1
4938.611940762225,12.844167846114722,-172.79162465724625,1
4987.998060169847,12.96152685545854,-173.1508699215646,1
5037.878040771546,13.044785411370977,-173.43734329961043,1
5088.256821179261,13.153862623159785,-174.05835065055635,1
5139.139389391054,13.235016083915305,-174.3457583667946,1
5190.530783284964,13.277098505442531,-174.85311436183738,1
5242.436091117814,13.363435971920055,-175.22933904955627,1
5294.860452028992,13.475108534766292,-175.5995606613007,1
5347.809056549282,13.561222604129744,-175.9983604751169,1
5401.287147114775,13.629082714134814,-176.49910833710274,1
5455.300018585923,13.737014402105073,-176.90477283330546,1
5509.853018771782,13.845154504554353,-177.33948121241005,1
5564.9515489595005,13.920642292838524,-177.7239950427557,1
5620.601064449095,14.021652893079562,-178.25585213832403,1
5676.807075093586,14.112816816993382,-178.59795098523307,1
5733.575145844522,14.219123621006439,-179.14267004501588,1
5790.910897302967,14.314548612394619,-179.70824998915063,1
5848.820006275997,14.419926692525832,179.89993083913018,1
5907.308206338757,14.52620476896172,179.41937956945736,1
5966.381288402145,14.60660070431669,178.83437192369945,1
6026.045101286167,14.740621509252767,178.5044008456687,1
6086.305552299028,14.830200145824517,177.6216361314349,1
6147.168607822018,14.942194653009663,177.19344867694483,1
6208.640293900238,15.06697561698641,176.78305145041216,1
6270.7266968392405,15.170808117925395,176.04295131976681,1
6333.433963807633,15.276422332994859,175.5321653255025,1
6396.768303445709,15.439776485471572,174.95657305645386,1
6460.735986480166,15.489258031078727,174.26612933833826,1
6525.343346344967,15.64981078741144,173.53182096707963,1
6590.5967798084175,15.775358537919214,172.86699710891503,1
6656.5027476065015,15.913799360479949,172.06739814340153,1
6723.067775082566,16.021816851192835,171.5544876754853,1
6790.298452833392,16.154164125171594,170.79045567400163,1
6858.201437361726,16.238909522372143,170.4303614064225,1
6926.783451735343,16.460028290222883,169.41033498466084,1
6996.051286252697,16.56418186112612,168.22438374361377,1
7066.011799115224,16.670688796020176,167.79614667656264,1
7136.671917106376,16.897696461020175,167.12246280862183,1
7208.03863627744,17.015472153852464,166.18502385525855,1
7280.119022640214,17.188236601168487,165.43112306404703,1
7352.920212866617,17.29391907887796,164.1370919026936,1
7426.4494149952825,17.396799646221456,163.10434852021174,1
7500.713909145235,17.5959804960729,162.40175684764694,1
7575.721048236688,17.87822328252849,161.09232638748685,1
7651.478258719055,18.006808503992126,160.01609733839783,1
7727.993041306246,18.161980008618986,158.91294707581463,1
7805.272971719308,18.30677668157573,157.77045496609486,1
7883.325701436501,18.49473056326958,156.99773280283293,1
7962.158958450866,18.70797949119024,155.83008744356061,1
8041.7805480353745,18.831531756198103,153.10980909834444,1
8122.198353515729,19.025525107047663,151.9622040054967,1
8203.420337050886,19.261995675195855,150.77007819692523,1
8285.454540421395,19.354923967726688,149.9429320379739,1
8368.30908582561,19.503861575671635,146.05048646559254,1
8451.992176683865,19.90008570161457,144.59947732827507,1
8536.512098450705,19.929620652626067,142.278804060528,1
8621.877219435211,20.648418238729224,145.4548968726889,1
8708.095991629563,20.820780638725893,142.92315631106342,1
8795.176951545858,21.113981682742867,140.3973632834084,1
8883.128721061317,21.08558886998909,136.41883714147843,1
8971.96000827193,21.28729182863782,135.60307692233806,1
9061.679608354649,21.356016591974115,132.2671589976563,1
9152.296404438195,21.415663066320107,128.78087283588835,1
9243.819368482576,21.528343664152885,125.65865630388419,1
9336.257562167402,21.4073221584711,123.60019461034466,1
9429.620137789076,21.68633679738247,118.31374158482251,1
9523.916339166966,21.574326124295784,114.47018766222254,1
9619.155502558637,21.49607934184818,111.34594444207369,1
9715.347057584224,21.206994170716513,108.0905898464172,1
9812.500528160066,21.50882762881513,101.98145347455147,1
9910.625533441667,21.099411416208934,101.98726048265789,1
10009.731788776084,21.20693611738268,98.209876605381,1
10109.829106663845,20.94430510931024,93.91275497666807,1
10210.927397730484,20.7518510173462,91.318212217269,1
10313.036671707789,20.20434769663782,86.59303508971306,1
10416.167038424866,20.12001696682528,83.39796731802545,1
10520.328708809115,19.810551384270568,81.26296439160541,1
10625.531995897207,19.598959162764146,78.2842644376313,1
10731.78731585618,19.258559438098438,73.41709291558385,1
10839.105189014741,18.85309800916766,73.66387622990399,1
10947.496240904888,18.569339926990203,69.88585624158733,1
11056.971203313937,18.253604473597296,68.32856675850145,1
11167.540915347075,17.960983246849626,65.70569506737431,1
11279.216324500547,17.582039754504294,64.0588615037597,1
11392.008487745552,17.311290216680444,61.5857608080403,1
11505.928572623008,16.825095355977492,59.77495884066583,1
11620.98785834924,16.41652113314078,58.111945205275745,1
11737.197736932732,16.109499049108,55.43929408099791,1
11854.56971430206,15.681990667767069,55.950016476118954,1
11973.115411445082,15.311500081055097,53.80737191344186,1
12092.846565559534,15.001041563110565,52.51747391965124,1
12213.77503121513,14.570233633049796,50.953405105619254,1
12335.91278152728,14.161657932523113,49.69437510597098,1
12459.271909342553,13.811032295528644,48.6718627906134,1
12583.864628435978,13.560764919092179,48.0428765699553,1
12709.703274720338,13.250014445120675,47.12098680091201,1
12836.800307467542,12.924283654660742,46.02829640776061,1
12965.168310542218,12.42442000637293,45.2262872532512,1
13094.81999364764,11.748575063658082,42.47371249862851,1
13225.768193584116,11.474197300675465,41.42556513430338,1
13358.025875519957,11.10262855258399,41.01933655992423,1
13491.606134275156,10.785975842086515,40.88630597690357,1
13626.522195617908,10.509992408762637,40.29478538688721,1
13762.787417574087,10.096254632204127,40.437415493473765,1
13900.415291749829,9.739023383093077,39.3687689875308,1
14039.419444667326,9.364638932622288,38.30433056085077,1
14179.813639114,9.599761293779162,43.41939248550972,1
14321.61177550514,9.317443059751739,44.009038746337524,1
14464.827893260192,9.113877625382962,43.926083696700914,1
14609.476172192793,8.604525286280532,43.7287996540225,1
14755.570933914722,8.672111326198532,44.788341963234075,1
14903.126643253869,8.409835515384954,44.91838872149398,1
15052.157909686408,8.140693849865551,44.8287551492774,1
15202.679488783273,8.02285065786446,45.38776874350168,1
15354.706283671107,7.945889876789843,46.43481243129908,1
15508.253346507818,7.8882858711404005,46.645733985752386,1
15663.335879972896,7.737758456654968,46.46563414785547,1
15819.969238772625,7.771740763687484,47.030500723581284,1
15978.168931160351,7.695109414007607,47.074500205909885,1
16137.950620471955,7.545326329886423,46.552357731289504,1
16299.330126676674,7.596863036019305,45.56639122041407,1
16462.32342794344,7.654590582949013,45.12077196160506,1
16626.946662222876,7.530377629393668,44.07047662157012,1
16793.216128845106,7.569561782990048,43.073037499176394,1
16961.14829013356,7.563603105401797,41.939723230808426,1
17130.759773034893,7.48936157512954,40.20278806149509,1
17302.067370765242,7.455993269515228,39.48503688631895,1
17475.088044472894,7.2597369404628695,37.339221525224914,1
17649.83892491762,7.268524156417437,35.921815117432615,1
17826.337314166798,7.130661495371181,34.89049144413643,1
18004.600687308466,6.900682123585896,33.31873402746089,1
18184.646694181552,6.718157417883933,31.492533170255868,1
18366.49316112337,6.53189280293079,30.253886366658904,1
18550.158092734604,6.353404942543797,28.41359010186848,1
18735.65967366195,6.149777553300556,27.981618275183042,1
18923.01627039857,5.88335975685279,26.89943237649311,1
19112.246433102555,5.674868063893235,25.90837466985539,1
19303.368897433582,5.411755721499553,24.49147913760325,1
19496.40258640792,5.1104964033376605,23.522119239149276,1
19691.366612272,4.915427093602535,22.380952927249325,1
19888.28027839472,4.615930644155747,20.955486232106466,1
